1000,1000, santi, santi
2500,2000, sebas, sebas
3001,3000, ale, ale
5500, 5000, Enrique, Enrique
8000,7000, torner, torner
10000.123456,10000.123456, oscar, oscar